{"arch": "arch.mlp_set5d2", "nh": 95, "nh2": 30, "nh3": 26, "nlayers": 5, "nlayers2": 5, "nlayers3": 6, "margin": 4.319032102483472, "epochs": 179, "lr": 0.0016661224678392928, "decay": 4.064716505295632e-05, "batch": 30}