{"arch": "arch.mlp_set5d", "nh": 501, "nh2": 17, "nh3": 125, "nlayers": 1, "nlayers2": 11, "nlayers3": 1, "margin": 2.5646245451375873, "epochs": 115, "lr": 0.001718789983854141, "decay": 0.03017553032975423, "batch": 14}